stationid,lat,lon,name,rating,alt
371190041,35.24083,-80.78306,"Garinger High School, Terrybrook Lane, Citiside, Plaza Shamrock, Charlotte, Mecklenburg County, North Carolina, 28205, United States",0.954576271,234
371830014,35.85583,-78.57417,"Primary Beginnings Child Care Center, 4001, Spring Forest Road, Mini City, Raleigh, Wake County, North Carolina, 27616-4605, United States",0.953898305,103
380070002,46.94944,-103.51417,"East River Road, Billings County, North Dakota, 58645, United States",0.968135593,724
380130004,48.64167,-102.40195,"Burke County, North Dakota, United States",0.991186441,683
380150003,46.82528,-100.76806,"1593, Spalding Avenue, Bismarck, Burleigh County, North Dakota, 58501, United States",0.982372881,574
380570004,47.29833,-101.76667,"North Beulah Mine Wildlife Management Area, Tianamen Square, Mercer County, North Dakota, 58523, United States",0.990508475,624
380650002,47.18556,-101.42805,"State Highway 31, Hannover, Oliver County, North Dakota, United States",0.992542373,685
381050003,48.15278,-103.63944,"1111, 10th Street West, Williston, Williams County, North Dakota, 58801, United States",0.992542373,584
390350060,41.49194,-81.67834,"East 14th Street, Playhouse Square, Cleveland, Cuyahoga County, Ohio, 44115, United States",0.927457627,204
390610040,39.12861,-84.50389,"260, William Howard Taft Road, Mount Auburn, Cincinnati, Hamilton County, Ohio, 45219, United States",0.976949153,252
400270049,35.32,-97.48805,"Southwest 19th Street, Moore, Cleveland County, Oklahoma, 73160, United States",0.992542373,372
400370144,36.10528,-96.36056,"32999, West 41st Street South, Mannford, Creek County, Oklahoma, 74044, United States",0.994576271,241
401091037,35.61278,-97.47195,"Oklahoma Christian University, Baird Loop, Tealridge Assisted Living and Memory Care, Oklahoma City, Oklahoma County, Oklahoma, 73013, United States",0.992542373,357
401210415,34.90583,-95.79389,"Broom Road, Pittsburg County, Oklahoma, United States",0.991186441,267
401431127,36.20667,-95.97639,"1267, East 36th Street North, Walt Whitman, Tulsa, Tulsa County, Oklahoma, 74106, United States",0.988474576,198
410510080,45.49639,-122.60278,"5841, Southeast Rhone Street, Foster-Powell, Portland, Multnomah County, Oregon, 97206, United States",0.960677966,71
410670005,45.39889,-122.74528,"LGI, 6700, Southwest Bradbury Court, Bridgeport, Tigard, Washington County, Oregon, 97224, United States",0.985762712,53
420030008,40.46556,-79.96083,"Arsenal Cider House, 300, 39th Street, Lower Lawrenceville, Pittsburgh, Allegheny County, Pennsylvania, 15201, United States",0.991864407,251
420030067,40.38167,-80.18555,"113, Fryes Lane, South Fayette Township, Allegheny County, Pennsylvania, 15031, United States",0.985084746,367
420031008,40.61361,-79.72945,"1366, Roup Avenue, Harrison Township, Allegheny County, Pennsylvania, 15065, United States",0.988474576,302
420050001,40.81417,-79.565,"321, Glade Drive, East Franklin Township, Armstrong County, Pennsylvania, 16201, United States",0.952542373,352
420070005,40.68444,-80.35944,"1072, Sebring Road, Brighton Township, Beaver County, Pennsylvania, 15009, United States",0.951864407,369
420070014,40.74778,-80.31667,"869, 2nd Avenue, Beaver Falls, Beaver County, Pennsylvania, 15010, United States",0.945762712,224
420110006,40.51389,-75.78944,"Parking Lot A4, Lytle Lane, Maxatawny Township, Berks County, Pennsylvania, 19536-9998, United States",0.951186441,143
420150011,41.705,-76.5125,"Monroe Franklin Elementary School (closed), PA 414, Canton, Bradford County, Pennsylvania, 18832, United States",0.943728814,251
420170012,40.10694,-74.88194,"F D Roosevelt Junior High School, Snowden Avenue, Belardy, Bristol Township, Bucks County, Pennsylvania, 19007, United States",0.930169492,8
420210011,40.30944,-78.91556,"1, Messenger Street, Hornerstown, Johnstown, Cambria County, Pennsylvania, 15902, United States",0.949830508,355
420270100,40.81139,-77.87666,"Air Quality Learning and Demonstration Center, Air Quality Lane, Ferguson Township, Centre County, Pennsylvania, 16803-3073, United States",0.938983051,339
420290100,39.83417,-75.76778,"New Garden (N57), Church Road, New Garden, New Garden Township, Chester County, Pennsylvania, 19360, United States",0.950508475,136
420334000,41.1175,-78.52583,"Crystal Spring Road, Pine Township, Clearfield County, Pennsylvania, United States",0.993898305,655
420431100,40.27194,-76.68139,"25, Sipe Avenue, Hershey, Dauphin County, Pennsylvania, 17036, United States",0.932881356,127
420450002,39.83556,-75.3725,"Lot A, Norris Street, South Chester, Chester, Delaware County, Pennsylvania, 19013, United States",0.957966102,8
420630004,40.56306,-78.92,"PA 403, Pineton, Pine Township, Indiana County, Pennsylvania, 15714, United States",0.951186441,584
420690101,41.47889,-75.57806,"Wilson Fire Dept, Pleasant Avenue, Blakely, Lackawanna County, Pennsylvania, 18452, United States",0.955932203,247
420692006,41.44278,-75.62305,"Penn State Scranton, Cambria Court, Warsaw, Throop, Lackawanna County, Pennsylvania, 18512, United States",0.94440678,266
420710012,40.04389,-76.1125,"3555, West Newport Road, Intercourse, Lancaster County, Pennsylvania, 17572, United States",0.955254237,117
420730015,40.99556,-80.34666,"South Croton Avenue, New Castle, Lawrence County, Pennsylvania, 16101-3558, United States",0.925423729,243
420750100,40.33722,-76.38333,"1237, Birch Road, Hebron, Avon, South Lebanon Township, Lebanon County, Pennsylvania, 17042, United States",0.942372881,163
420850100,41.215,-80.485,"Sharon New Castle Road, Farrell, Mercer County, Pennsylvania, 16121, United States",0.956610169,335
420950025,40.62806,-75.34084,"Cambria Street, Freemansburg, Northampton County, Pennsylvania, 18017-5013, United States",0.941694915,89
421010048,39.99139,-75.08056,"Northeast Water Pollution Control Plant, East Coast Greenway, Philadelphia, Philadelphia County, Pennsylvania, 19137, United States",0.991864407,3
421255001,40.44444,-80.42,"Miller Airport Road, Hanover Township, Washington County, Pennsylvania, 15021, United States",0.932881356,343
421330008,39.96528,-76.69917,"1423, 6th Avenue, Green Hill, Spring Garden Township, York County, Pennsylvania, 17403, United States",0.955254237,133
421330011,39.86056,-76.46167,"Clearview Elementary School, 2650, Delta Road, Chanceford Township, York County, Pennsylvania, 17309, United States",0.942372881,244
450250001,34.61528,-80.19889,"State Highway 145, Campbell Crossroads, Chesterfield County, South Carolina, United States",0.926779661,135
460330132,43.5575,-103.48361,"Custer County, South Dakota, United States",0.98779661,1284
460990008,43.54778,-96.70055,"South Dakota School for the Deaf, 1800, East 10th Street, Sioux Falls, Minnehaha County, South Dakota, 57103, United States",0.974915254,452
470090101,35.63194,-83.94195,"Look Rock Trail, Look Rock, Blount County, Tennessee, 37878, United States",0.992542373,798
471550101,35.69667,-83.60889,"Cove Mountain Trail, Chalet Village, Gatlinburg, Sevier County, Tennessee, United States",0.997288136,1244
471570075,35.15139,-89.85,"6318, Haley Road, Shelby Farms, Memphis, Shelby County, Tennessee, 38134, United States",0.941016949,88
471571004,35.37694,-89.83167,"Center College Road, Millington, Shelby County, Tennessee, 38053, United States",0.951186441,112
480271045,31.1225,-97.43111,"8300, Georgia Avenue, Temple, Bell County, Texas, 76502, United States",0.961355932,186
480271047,31.08778,-97.67973,"1378, Stonetree Drive, Killeen, Bell County, Texas, 76543, United States",0.989830508,251
480290032,29.51472,-98.62,"6699, Bluebird Lane, Leon Valley, Bexar County, Texas, 78240, United States",0.988474576,279
480611023,26.20028,-97.7125,"North O Street, Harlingen, Cameron County, Texas, 78550, United States",0.971525424,15
480850005,33.1325,-96.78584,"11009, Denmere Lane, Frisco, Collin County, Texas, 75035, United States",0.991186441,234
481130075,32.91917,-96.80833,"Ewell D Walker Middle School, 12532, Nuestra Drive, Dallas, Dallas County, Texas, 75230, United States",0.989830508,196
481210034,33.19417,-97.19305,"4726, Clear Start Street, Denton, Denton County, Texas, 76207, United States",0.986440678,194
481390016,32.48194,-97.02666,"2762, Old Fort Worth Road, Prairie Ridge, Midlothian, Ellis County, Texas, 76065, United States",0.979661017,205
481391044,32.17694,-96.87083,"Italy, Ellis County, Texas, 76651, United States",0.936271186,164
481410029,31.78639,-106.32417,"10857, Ivanhoe Drive, Pebble Hills Park, El Paso, El Paso County, Texas, 79935, United States",0.985762712,1206
481410037,31.76806,-106.50083,"Rim Road, El Paso, El Paso County, Texas, 79968, United States",0.937627119,1171
481410057,31.6675,-106.2875,"Old Hueco Tanks Road, Moon Addition Number 3 Colonia, Socorro, El Paso County, Texas, 79927, United States",0.989152542,1112
481410058,31.89389,-106.42555,"Girl Scout Way, El Paso, El Paso County, Texas, 79924, United States",0.986440678,1208
481671034,29.26306,-94.85639,"Scholes International Airport at Galveston, Cadena Drive, Campeche Cove, Galveston, Galveston County, Texas, 77554, United States",0.987118644,3
481830001,32.37861,-94.71167,"East Texas Regional Airport, TX 322, Elderville, Gregg County, Texas, 75603, United States",0.97559322,106
482010024,29.90083,-95.32584,"Hambrick Middle School, 4600, Aldine Mail Route, Houston, Harris County, Texas, 77039, United States",0.957288136,22
482010029,30.03917,-95.67389,"Softball Field 4, Kitzman Road, Harris County, Texas, 77429, United States",0.985084746,52
482010066,29.72306,-95.63556,"3101, Westhollow Drive, Houston, Harris County, Texas, 77082, United States",0.986440678,29
482011015,29.76417,-95.07806,"Lynchburg  Ferry landing, Lynchburg Landing, Houston, Harris County, Texas, United States",0.989830508,0
482011017,29.82306,-94.98361,"Garth Road, Harris County, Texas, 77521, United States",0.949830508,16
482011034,29.76806,-95.22056,"Harris Elementary School, 1262, Mae Drive, Houston, Harris County, Texas, 77015, United States",0.972881356,9
482011035,29.73389,-95.2575,"205, Clinton Park Street, Clinton Park, Houston, Harris County, Texas, 77029, United States",0.973559322,13
482011039,29.67,-95.12833,"Deer Park, Harris County, Texas, 77536, United States",0.97220339,10
482011050,29.58306,-95.01556,"Park Drive, Mystic Village at Lake Mija, Seabrook, Harris County, Texas, 77586, United States",0.989830508,8
482030002,32.67056,-94.16805,"Avenue P, Karnack, Harrison County, Texas, 75661, United States",0.983728814,84
482150043,26.22611,-98.29083,"John H. Shary Elementary School, 2300, North Glasscock Road, Valley View Estates Colonia, Mission, Hidalgo County, Texas, 78574, United States",0.987118644,43
482311006,33.15306,-96.11555,"1098, Sayle Street, Greenville, Hunt County, Texas, 75401, United States",0.98779661,164
482450009,30.03917,-94.07445,"Lamar University, 4400, Martin Luther King Junior Parkway, Zummo, Beaumont, Jefferson County, Texas, 77705, United States",0.985762712,8
482450011,29.89417,-93.9875,"5627, Minnie Street, Port Arthur, Jefferson County, Texas, 77640, United States",0.978305085,4
482450101,29.71806,-93.89667,"Sabine Pass, Port Arthur, Jefferson County, Texas, 77655, United States",0.991864407,5
482510003,32.35333,-97.43667,"654, County Road 1217, Lebanon, Cleburne, Johnson County, Texas, 76033, United States",0.976949153,260
482570005,32.56472,-96.3175,"Kaufman County Library, 3790, South Houston Street, Kaufman, Kaufman County, Texas, 75142, United States",0.96,139
483091037,31.65306,-97.07056,"Mazanec Road, Waco, McLennan County, Texas, 76640, United States",0.991864407,144
483390078,30.35028,-95.425,"North Parkway, Conroe, Montgomery County, Texas, 77303, United States",0.985084746,79
483550026,27.83306,-97.55556,"Tuloso - Midway Middle School, Leopard Street, Northwest, Nueces County, Texas, 78409, United States",0.977627119,22
483611001,30.08417,-93.76167,"West Orange Volunteer Fire Department, Austin Avenue, Doc Brown, West Orange, Orange County, Texas, 77630, United States",0.976949153,4
483670081,32.86833,-97.90556,"5225, New Authon Road, Authon, Parker County, Texas, 76088, United States",0.966101695,359
483970001,32.93583,-96.45917,"230, East Heath Street, Rockwall, Rockwall County, Texas, 75087, United States",0.97220339,174
484230007,32.34389,-95.41556,"Parker Road, Tyler, Smith County, Texas, 75704, United States",0.981694915,167
484393009,32.98417,-97.06361,"Fairway Drive, Grapevine, Tarrant County, Texas, 76051, United States",0.98779661,178
484690003,28.83556,-97.00555,"170, East Mockingbird Lane, Victoria, Victoria County, Texas, 77904, United States",0.987118644,31
490050007,41.84278,-111.85167,"Birch Creek School, West 220 North, Smithfield, Cache County, Utah, 84335, United States",0.992542373,1374
490110004,40.89778,-111.88528,"200 W @ 923 N, North 200 West, Bountiful, Davis County, Utah, 84014, United States",0.993220339,1320
490137011,40.21667,-110.18222,"10000W, Duchesne County, Utah, 84012, United States",0.980338983,1605
490353006,40.73333,-111.87167,"670, 1700 South, Liberty-Wells, Salt Lake City, Salt Lake County, Utah, 84105, United States",0.992542373,1311
490370101,38.45806,-109.82083,"Grand View Point Road, San Juan County, Utah, United States",0.991864407,1788
490471004,40.46444,-109.56055,"Maeser, Uintah County, Utah, 84078, United States",0.97220339,1667
490472002,40.20417,-109.35306,"Red Wash, Uintah County, Utah, United States",0.953898305,1698
490495010,40.13639,-111.66,"1, West 2050 North Street, Spanish Fork, Utah County, Utah, 84660, United States",0.990508475,1383
490530007,37.17889,-113.305,"155, North 870 West, Hurricane, Washington County, Utah, 84737, United States",1,987
500210002,43.60833,-72.98222,"Rutland Post Office, 173, West Street, Rutland City, Rutland County, Vermont, 05701, United States",0.945762712,168
510870014,37.55639,-77.4,"2401, Hartman Street, Central Gardens, Henrico County, Virginia, 23223, United States",0.952542373,61
511130003,38.52306,-78.43445,"Big Meadows Air Quality Road, Big Meadows, Madison County, Virginia, United States",0.990508475,1067
530090013,48.28667,-124.62028,"Clallam County, Washington, United States",0.953898305,356
530330080,47.56806,-122.30861,"Jefferson Park Driving Range, Beacon Avenue South, South Seattle, Beacon Hill, Seattle, King County, Washington, 98144, United States",0.968135593,103
530570011,48.52056,-122.61417,"290, O Avenue, Anacortes, Skagit County, Washington, 98221, United States",0.968813559,5
530730005,48.95056,-122.55417,"1492, Loomis Trail Road, Whatcom County, Washington, 98240, United States",0.965423729,26
540390020,38.34611,-81.62111,"1466, Dixie Street, Charleston, Kanawha County, West Virginia, 25311, United States",0.966101695,181
550030010,46.61417,-90.69833,"Kakagon Road, Odanah, Town of Sanborn, Ashland County, Wisconsin, United States",0.932881356,182
550270001,43.46583,-88.62083,"North Palmatory Street, Horicon, Village of Williamstown, Dodge County, Wisconsin, 53032, United States",0.934237288,262
550790026,43.06083,-87.9125,"Sam Gaviscer House, 2318, North 2nd Street, Harambee, Milwaukee, Milwaukee County, Wisconsin, 53212, United States",0.951864407,209
560030002,44.28,-108.04083,"US 16;US 20;WY 789, Big Horn County, Wyoming, United States",0.990508475,1241
560450003,43.88139,-104.19167,"US 85, Newcastle, Weston County, Wyoming, 82715, United States",0.93559322,1491
31101,45.04,-64.29,"Peck Meadow Road, Greenfield, Municipality of the County of Kings, Kings County, Nova Scotia, B4P 2R3, Canada",0.961355932,223
40203,45.30917,-66.00916,"50, Mountain Road, City of Saint John, Saint John County, New Brunswick / Nouveau-Brunswick, E2J 2S6, Canada",1,34
40302,46.11,-64.79,"Francophonie Street, Moncton, Moncton Parish, Westmorland County, New Brunswick / Nouveau-Brunswick, E1A 9V7, Canada",0.997288136,21
41302,47.60917,-65.63306,"Narcisse Lane, City of Bathurst, Bathurst Parish, Gloucester County, New Brunswick / Nouveau-Brunswick, E2A 1Y2, Canada",0.999322034,15
50204,45.43667,-75.72583,"École secondaire de l'Île, 255, Rue Saint-Rédempteur, Hull, Gatineau, Gatineau (ville), Outaouais, Québec, J8X 2T4, Canada",0.997966102,46
50308,46.82139,-71.22056,"Station de pompage Limoilou, Rivière Saint-Charles (nord), Limoilou, Vieux-Limoilou, La Cité-Limoilou, Québec, Québec (Agglomération), Capitale-Nationale, Québec, G1J 2Y1, Canada",0.989830508,5
50311,46.77417,-71.36945,"École Primaire les Primevères, Rue Félix-Antoine-Savard, Aéroport, Sainte-Foy–Sillery–Cap-Rouge, Québec, Québec (Agglomération), Capitale-Nationale, Québec, G2G 2R2, Canada",0.982372881,25
50604,48.23417,-78.98306,"502, Avenue Tremblay, Montée du sourire, Rouyn, Rouyn-Noranda, Abitibi-Témiscamingue, Québec, J9X 6M6, Canada",0.997966102,290
52301,46.035,-74.48167,"Les Hêtres, Saint-Faustin–Lac-Carré, Les Laurentides, Laurentides, Québec, Canada",0.991186441,393
53201,48.81806,-72.74277,"La Doré, Le Domaine-du-Roy, Saguenay–Lac-Saint-Jean, Québec, G8J 1G7, Canada",0.993220339,245
53501,47.01444,-70.86417,"2901, Chemin Royal, Saint-François-de-l'Île-d'Orléans, L'Ïle-d'Orléans, Capitale-Nationale, Québec, G0A 3S0, Canada",0.991864407,55
53801,45.9075,-71.94917,"Tingwick, Arthabaska, Centre-du-Québec, Québec, Canada",0.995254237,256
60104,45.43194,-75.67639,"517, Besserer Street, Sandy Hill, Rideau-Vanier, Ottawa, Eastern Ontario, Ontario, K1N 6H3, Canada",0.994576271,71
60304,44.21972,-76.52111,"724, King Street West, Portsmouth, Kingston, Eastern Ontario, Ontario, K7M 2J9, Canada",0.991864407,88
60512,43.25583,-79.86166,"193, King William Street, Beasley, Hamilton, Golden Horseshoe, Ontario, L8R 3L8, Canada",0.994576271,93
60610,46.49167,-81.00305,"Jubilee Centre, Applegrove Street, Greater Sudbury, Sudbury District, Northeastern Ontario, Ontario, P3C 1N2, Canada",0.958644068,268
60709,46.53306,-84.30917,"Sault College, Sault College Laneway, Sault Ste. Marie, Algoma District, Northeastern Ontario, Ontario, P6B 4Z5, Canada",0.976271186,240
60904,42.97444,-81.20084,"15, Tommy Hunter Way, London, Southwestern Ontario, Ontario, N5Z 1V5, Canada",0.994576271,244
61009,42.99,-82.39528,"495, Errol Road West, Sarnia, Lambton County, Southwestern Ontario, Ontario, N7V 1X5, Canada",0.989152542,187
61104,44.3,-78.35,"Peterborough Regional Health Centre, 1, Hospital Drive, Peterborough, Central Ontario, Ontario, K9J 7C6, Canada",0.994576271,240
61201,45.02917,-74.73917,"134, Eleventh Street West, Cornwall, Eastern Ontario, Ontario, K6H 6R3, Canada",0.994576271,56
61302,43.15806,-79.235,"105, Westchester Avenue, St. Catharines, Niagara Region, Golden Horseshoe, Ontario, L2R 3M1, Canada",1,101
61402,43.14028,-80.29583,"385, Grand River Avenue, Brantford, Southwestern Ontario, Ontario, N3T 4C6, Canada",0.994576271,207
61502,43.44167,-80.50417,"Chelsea Estates, 29, West Avenue, Victoria Park Heritage District, Kitchener, Region of Waterloo, Southwestern Ontario, Ontario, N2P 3B5, Canada",0.993898305,329
62001,46.3175,-79.44527,"Food Basics, Olive Street West, North Bay, Nipissing District, Northeastern Ontario, Ontario, P1B 4C8, Canada",0.995932203,203
62501,44.29917,-81.57528,"Albert Road, Kincardine, Bruce County, Southwestern Ontario, Ontario, N0G 2T0, Canada",0.996610169,189
63701,43.33056,-81.7425,"71045, Bluewater Highway, South Huron, Huron County, Southwestern Ontario, Ontario, N0M 1T0, Canada",0.948474576,190
64001,49.66389,-93.72083,"Unorganized Kenora District, Kenora District, Northwestern Ontario, Ontario, Canada",0.986440678,388
64101,47.035,-84.38084,"Algoma District, Northeastern Ontario, Ontario, Canada",0.990508475,387
64401,44.2325,-79.78139,"Centre for Atmospheric Research Experiments, EC access road, Essa, New Tecumseth, Simcoe County, Central Ontario, Ontario, Canada",0.983050847,247
65001,44.39194,-79.39194,"Georgina, York Region, Golden Horseshoe, Ontario, Canada",0.993220339,216
65201,45.33778,-80.03778,"Ontario Provincial Police - West Parry Sound Detachment, 7 Unit B, Bay Street, Parry Sound, Parry Sound District, Central Ontario, Ontario, P2A 1S3, Canada",0.989830508,177
65301,42.6725,-81.16444,"Pumping Station Service Road, Central Elgin, Elgin County, Southwestern Ontario, Ontario, N5L 1J1, Canada",0.993220339,211
65401,44.15028,-77.39555,"Belleville Seventh Day Adventist Church, Dundas Street West, Belleville, Central Ontario, Ontario, K8P 4E4, Canada",0.995932203,80
65801,42.40306,-82.20834,"Chatham-Kent Superior Court, Sussex Street, Chatham, Chatham-Kent, Southwestern Ontario, Ontario, N7L 3T5, Canada",0.997288136,181
90222,51.08139,-114.14027,"32 Avenue NW, University Heights, Calgary, Alberta, T2L 1Y7, Canada",0.926779661,1107
91901,51.95,-114.7,"Clearwater County, Alberta, Canada",0.931525424,1141
100110,49.27917,-122.97083,"Burnaby, District of North Vancouver, Metro Vancouver Regional District, British Columbia, Canada",0.995254237,98
100127,49.13278,-122.69417,"19080, 72 Avenue, Clayton Heights, Cloverdale, Surrey, Metro Vancouver Regional District, British Columbia, V4N0A4, Canada",0.991864407,88
100128,49.14139,-123.10806,"Aragon Road, Southarm, Shellmont, Richmond, Metro Vancouver Regional District, British Columbia, V7A 3T9, Canada",0.997288136,3
100132,49.32389,-123.08334,"Mahon Running Track, West 16th Street, Central Lonsdale, Keith-Lynn, North Vancouver, District of North Vancouver, Metro Vancouver Regional District, British Columbia, V7M, Canada",0.97220339,64
100134,49.18639,-123.15195,"YVR Wildlife Building, Wellington Crescent, Burkeville, Sea Island, Richmond, Metro Vancouver Regional District, British Columbia, V7B 1C3, Canada",0.995254237,4
100135,49.28806,-122.79139,"Douglas College - Coquitlam Campus, Town Centre Boulevard, Hoy Creek Housing Coop, River Springs, Coquitlam, Metro Vancouver Regional District, British Columbia, V3B 7T8, Canada",0.985084746,45
100140,49.00972,-123.08195,"Milsom Wynd (EB) at Galway Dr, Milsom Wynd, Tsawwassen, Delta, Metro Vancouver Regional District, British Columbia, V4M 2P3, Canada",0.971525424,62
100304,48.42917,-123.35806,"First Metropolitan United Church, 934, Balmoral Road, North Park, Victoria, Capital Regional District, British Columbia, V8W 3J5, Canada",0.950508475,34
101005,49.02139,-122.32639,"Columbia Road, North Poplar, Abbotsford, British Columbia, V2T 5Y9, Canada",0.986440678,67
101101,49.15583,-121.94055,"Airport at Cessna (EB), Airport Road, Chilliwack, British Columbia, V2P 4N9, Canada",0.994576271,11
101202,49.24528,-122.70889,"Old Dewdney Trunk Road, Pitt Meadows, Metro Vancouver Regional District, British Columbia, V3Y 2B0, Canada",0.992542373,5
101301,49.09556,-122.56667,"DW Poppy Secondary School, 52 Avenue, Hopington, Township of Langley, Metro Vancouver Regional District, British Columbia, V2Z 2P7, Canada",0.996610169,89
101401,49.36944,-121.49917,"Airport Road, Hope, British Columbia, V0X 1L2, Canada",0.993220339,37
101501,49.215,-122.58167,"Golden Ears Elementary, 231 Street, Maple Ridge, Metro Vancouver Regional District, British Columbia, V2X 2V7, Canada",0.993220339,52
104003,50.23306,-119.28306,"Varsity Drive, Coldstream, Regional District of North Okanagan, British Columbia, V1B 2N5, Canada",0.938305085,457
11030011,34.52833,-86.97056,"Wallace Drive Southeast, Flint City, Decatur, Morgan County, Alabama, 35603, United States",0.930847458,174
40051008,35.20583,-111.65278,"700, North Bonito Street, Flagstaff Townsite, Flagstaff, Coconino County, Arizona, 86001, United States",0.993220339,2117
40070010,33.65472,-111.10722,"Apache Trail, Gila County, Arizona, 85545, United States",0.992542373,737
40128000,34.24389,-113.55833,"Cholla Road, La Paz County, Arizona, United States",0.981016949,398
40130019,33.48361,-112.1425,"3870, West Avalon Drive, Phoenix, Maricopa County, Arizona, 85019, United States",0.989152542,335
40131003,33.41028,-111.865,"221, South Brooks, Mesa, Maricopa County, Arizona, 85202, United States",0.989152542,363
40131030,33.62917,-111.67667,"18776, Yuma Frank Road, Fort McDowell, Maricopa County, Arizona, 85264, United States",0.993898305,437
40132001,33.56917,-112.19139,"Glendale Community College, 6000, West Olive Avenue, Glendale, Maricopa County, Arizona, 85302, United States",0.985762712,358
40132005,33.71222,-111.8525,"10514, East Happy Valley Road, Troon, Scottsdale, Maricopa County, Arizona, 85255, United States",0.986440678,724
40133002,33.45778,-112.04583,"1688, East Garfield Street, Garfield, Phoenix, Maricopa County, Arizona, 85006, United States",0.991186441,338
40133003,33.47944,-111.91695,"Coronado Golf Course, 2829, North Miller Road, Scottsdale, Maricopa County, Arizona, 85257, United States",0.992542373,374
40134003,33.40306,-112.07306,"South Central Avenue, Sleepy Hollow Trailer Village, Phoenix, Maricopa County, Arizona, 85034-5120, United States",0.989152542,322
40134004,33.29889,-111.88416,"Chandler Fire Department Station No. 3, 275, South Ellis Street, Bank of America - Chandler Corporate Campus, Chandler, Maricopa County, Arizona, 85224, United States",0.990508475,361
40134005,33.41222,-111.93445,"216, East 15th Street, Tempe Junction, Tempe, Maricopa County, Arizona, 85281, United States",0.98779661,356
40134008,33.82167,-112.01722,"37001, North Lava Lane, Cave Creek, Maricopa County, Arizona, 85331, United States",0.989152542,581
40134010,33.63667,-112.33916,"St. Mary's Food Bank, 13050, West Elm Street, Surprise, Maricopa County, Arizona, 85378, United States",0.989152542,359
40134011,33.36972,-112.62055,"26697, MC 85, Maricopa County, Arizona, 85326, United States",0.98779661,265
40137020,33.48806,-111.855,"10466, East Osborn Road, Maricopa County, Arizona, 85256, United States",0.996610169,379
40137021,33.50778,-111.75445,"North Val Vista Drive, Maricopa County, Arizona, United States",0.997966102,391
40137022,33.47444,-111.805,"Salt River Fire Station 294, 3230, North Stapley Drive, Mesa, Maricopa County, Arizona, 85203, United States",0.995254237,378
40137024,33.50778,-111.83778,"Salt River High School, 4827, North Country Club Drive, Scottsdale, Maricopa County, Arizona, 85256, United States",0.997966102,389
40139702,33.54528,-111.60917,"5545, North Bush Highway, Maricopa County, Arizona, 85215, United States",0.991186441,434
40139704,33.61083,-111.72528,"Rural/Metro Fire Station 822, 16426, East Avenue of the Fountains, Fountain Hills, Maricopa County, Arizona, 85268, United States",0.989152542,505
40139997,33.50333,-112.095,"4528, North 17th Avenue, Tan Phat Oriental Market, Phoenix, Maricopa County, Arizona, 85015-3809, United States",0.983050847,346
40170119,34.82222,-109.89167,"US 180 (old US 260 (old US 70)), Navajo County, Arizona, 86028, United States",0.993220339,1711
40190021,32.17639,-110.73778,"4568, South Old Spanish Trail, Tucson, Pima County, Arizona, 85730, United States",0.989152542,933
40191011,32.205,-110.87695,"1400, South Woodland Avenue, Tucson, Pima County, Arizona, 85711, United States",0.98440678,790
40191018,32.42528,-111.06667,"W Tangerine Rd Paved Shared Use Path, Marana, Pima County, Arizona, 85658, United States",0.974915254,795
40191020,32.0475,-110.77389,"12042, South Houghton Road, Tucson, Pima County, Arizona, 85747, United States",0.987118644,938
40191032,32.17306,-110.97945,"C E Rose Elementary School, West Michigan Drive, Tucson, Pima County, Arizona, 85723, United States",0.985084746,743
40191034,32.38056,-111.12695,"North Coachline Boulevard, Marana, Pima County, Arizona, 85752, United States",0.981694915,639
40258034,34.61194,-112.46306,"Prescott, Yavapai County, Arizona, 86304, United States",0.985762712,1602
40278011,32.69,-114.61417,"2198, South Factor Avenue, South Park Industrial District, Yuma, Yuma County, Arizona, 85365, United States",0.981694915,60
50350005,35.19667,-90.19083,"798, L H Polk Drive, Marion, Crittenden County, Arkansas, 72364, United States",0.985084746,65
51010002,35.8325,-93.21917,"Newton County, Arkansas, United States",0.847457627,655
51130003,34.45417,-94.14306,"Polk Road 631, Polk County, Arkansas, United States",0.937627119,663
51190007,34.75583,-92.27556,"Karrott Street, North Little Rock, Pulaski County, Arkansas, 72114, United States",0.959322034,79
51191002,34.83056,-92.25916,"North Little Rock, Pulaski County, Arkansas, United States",0.926779661,165
51430005,36.17944,-94.11667,"507, South Old Missouri Road, Springdale, Washington County, Arkansas, 72764, United States",0.98779661,411
60190007,36.70556,-119.74139,"Fresno County Fire Department Station #87, East Drummond Avenue, Calwa, Fresno County, California, 93725, United States",0.934237288,92
60192009,36.63222,-120.38194,"32531, West Adams Avenue, Fresno County, California, 93640, United States",0.941694915,56
60194001,36.5975,-119.50333,"University Of California, Kearney Agricultural Center Research Farm, East Manning Avenue, Fresno County, California, 93648, United States",0.919322034,107
60195001,36.81917,-119.71639,"Clovis - N Villa Avenue Air Quality Monitoring Station, Oak Avenue, Clovis, Fresno County, California, 93612, United States",0.936949153,110
60250005,32.67611,-115.48306,"Calexico High School, Ethel Street, Calexico, Imperial County, California, 92231, United States",0.955254237,2
60251003,32.79167,-115.56167,"885, West State Street, El Centro, Imperial County, California, 92243, United States",0.955932203,-13
60270101,36.50917,-116.84805,"Nevares Drive, Park Village, Inyo County, California, United States",0.992542373,115
60290008,35.05417,-119.40389,"Maricopa High School, Alameda Street, Maricopa, Kern County, California, United States",0.941694915,280
60290011,35.05028,-118.14778,"County of Kern Animal Shelter Mojave, Poole Street, Mojave, Kern County, California, 93501, United States",0.957966102,830
60290014,35.35639,-119.0625,"Wayne Van Horn Elementary School, Kleinpell Avenue, Kern City, Bakersfield, Kern County, California, 93309-2671, United States",0.953220339,121
60290232,35.43778,-119.01667,"598, Pilot Avenue, Kern County, California, 93308, United States",0.955932203,184
60292012,35.33111,-119,"Watts Drive, Bakersfield, Kern County, California, 93304, United States",0.934915254,115
60296001,35.50333,-119.2725,"518, Walker Street, North Shafter, Shafter, Kern County, California, 93263, United States",0.955254237,107
60370002,34.13639,-117.92389,"803, North Loren Avenue, Azusa, Los Angeles County, California, 91702, United States",0.98440678,189
60371103,34.06639,-118.22667,"LADWP Main Street Center, North Main Street, Mission Junction LA, Chinatown, Los Angeles, Los Angeles County, California, 90012, United States",0.97220339,98
60371201,34.19917,-118.53306,"18380, Gault Street, Reseda, Los Angeles, Los Angeles County, California, 91335, United States",0.981694915,227
60371302,33.90139,-118.205,"1700, East Pixley Street, Compton, Los Angeles County, California, 90221, United States",0.98440678,24
60371602,34.01028,-118.06834,"4275, San Gabriel River Parkway, Pico Rivera, Los Angeles County, California, 90660, United States",0.983728814,57
60372005,34.1325,-118.12695,"Tournament Park parking lot, Wilson Avenue, Pasadena, Los Angeles County, California, 91125, United States",0.981694915,229
60375005,33.955,-118.43027,"Westchester, Los Angeles, Los Angeles County, California, 90293, United States",0.985762712,44
60376012,34.38306,-118.52805,"Placerita Canyon Road, Newhall, Santa Clarita, Los Angeles County, California, 91321, United States",0.978305085,390
60379033,34.66944,-118.13055,"43198, Division Street, Lancaster, Los Angeles County, California, 93534, United States",0.955254237,749
60470003,37.28167,-120.43333,"437, Carly Anne Drive, Merced, Merced County, California, 95341, United States",0.926101695,57
60590007,33.83056,-117.93833,"Loara Elementary School, West Pampas Lane, West Anaheim, Anaheim, Orange County, California, 92802, United States",0.98779661,41
60592022,33.62972,-117.67583,"26081, Via Pera, Mission Viejo, Orange County, California, 92691, United States",0.993220339,165
60610006,38.74639,-121.26472,"600, North Sunrise Avenue, Roseville, Placer County, California, 95661, United States",0.937627119,53
60650012,33.92056,-116.85833,"1667, Barbour Street, Banning, Riverside County, California, 92220, United States",0.985084746,665
60650016,33.58306,-117.07195,"Robert A. Skinner Treatment Plant, Riverside County, California, United States",0.993220339,452
60652002,33.70833,-116.21528,"Riverside County Fire Department Station #86, Doctor Carreon Boulevard, Indio, Riverside County, California, 92201, United States",0.994576271,-4
60655001,33.8525,-116.54083,"Palm Springs Fire Department Station #3, North Via Miraleste, The Movie Colony, Palm Springs, Riverside County, California, 92262-4409, United States",0.991864407,173
60656001,33.78917,-117.2275,"Perris Valley Historical Museum, North D Street, Perris, Riverside County, California, 92570, United States",0.988474576,447
60658001,33.99944,-117.41556,"Louis Robidoux Library, Mission Boulevard, Rubidoux, Jurupa Valley, Riverside County, California, 92509, United States",0.987118644,246
60658005,33.99611,-117.4925,"5116, Poinsetta Place, Bly, Jurupa Valley, Riverside County, California, 92509, United States",0.986440678,220
60659001,33.67639,-117.33083,"West Flint Street, North Elsinore, Lake Elsinore, Riverside County, California, 92530, United States",0.985084746,399
60670002,38.71194,-121.38084,"Chippewa Court, The Arbors at Antelope, Sacramento County, California, 95843, United States",0.962711864,30
60670006,38.61361,-121.36777,"2701, Avalon Drive, Arden-Arcade, Sacramento County, California, 95821, United States",0.968813559,24
60670010,38.56833,-121.49306,"Solons Alley, Sacramento, Sacramento County, California, 95818, United States",0.951186441,5
60670011,38.3025,-121.42083,"Sacramento County, California, United States",0.965423729,6
60690003,36.485,-121.15556,"2612, Pinnacles Highway, San Benito County, California, 95043, United States",0.991864407,304
60710001,34.89389,-117.02472,"San Bernardino County Sheriff, Mountain View Street, Barstow, San Bernardino County, California, 92311, United States",0.955932203,692
60710005,34.24306,-117.27222,"Lake Gregory Trail, Crestline, San Bernardino County, California, 92325, United States",0.991186441,1387
60710012,34.425,-117.58972,"9631, Beekley Road, Yucca Inn, Phelan, San Bernardino County, California, 92371, United States",0.957966102,1275
60710306,34.51,-117.33056,"14300, Amargosa Road, Victorville, San Bernardino County, California, 92392, United States",0.953220339,911
60711234,35.77444,-117.37195,"Telescope Street, San Bernardino County, California, 93562, United States",0.913220339,507
60712002,34.1,-117.49194,"SBCFD, 14360, Arrow Route, Kaiser, Fontana, San Bernardino County, California, 92335, United States",0.955254237,365
60714001,34.41639,-117.28555,"9043, H Avenue, Hesperia, San Bernardino County, California, 92345, United States",0.956610169,969
60714003,34.05944,-117.14722,"500, Dearborn Street, Redlands, San Bernardino County, California, 92374, United States",0.983728814,478
60719002,34.07139,-116.39056,"San Bernardino County, California, United States",0.994576271,1241
60730001,32.63111,-117.05889,"70, East J Street, Chula Vista, San Diego County, California, 91910, United States",0.911864407,53
60731006,32.84222,-116.76806,"Queen of Angels Catholic Church, West Victoria Drive, San Diego County, California, 91901, United States",0.919322034,638
60731008,33.21694,-117.39611,"Fallbrook Junction, Marine Corps Base Camp Pendleton, San Diego County, California, 92051, United States",0.911864407,7
60731016,32.84528,-117.12389,"""Bathysphere training center"" radar dome, Kearny Villa Road, San Diego, San Diego County, California, 92137, United States",0.874576271,132
60731022,32.78944,-116.94417,"Lexington Elementary School, South 1st Street, El Cajon, San Diego County, California, 92020, United States",0.846779661,143
60773005,37.6825,-121.44055,"Tracy Municipal Airport, South Tracy Boulevard, Tracy, San Joaquin County, California, 95377, United States",0.951864407,64
60792006,35.25639,-120.66917,"3220, South Higuera Street, San Luis Obispo, San Luis Obispo County, California, 93401-8114, United States",0.957966102,50
60793001,35.36639,-120.8425,"5, Morro Bay Boulevard, Morro Bay, San Luis Obispo County, California, 93442, United States",0.953220339,49
60794002,35.03139,-120.50083,"908, West Tefft Street, San Luis Obispo County, California, 93444, United States",0.950508475,125
60798005,35.64361,-120.23111,"Air Monitoring Station: Red Hills, Gillis Canyon Road, San Luis Obispo County, California, United States",0.945084746,707
60831008,34.94278,-120.43555,"Jack in the Box, East Morrison Avenue, Santa Maria, Santa Barbara County, California, 93454, United States",0.974237288,73
60831014,34.54139,-119.79056,"Snyder Trail, Santa Barbara County, California, United States",0.930169492,396
60831021,34.40278,-119.45722,"7248, Gobernador Canyon Road, Shepards, Carpinteria, Santa Barbara County, California, 93013, United States",0.902372881,130
60832004,34.63778,-120.45667,"165, South G Street, Lompoc, Santa Barbara County, California, 93436, United States",0.956610169,34
60833001,34.60556,-120.075,"Santa Ynez Airport, Santa Ynez, Santa Barbara County, California, 93460, United States",0.958644068,201
60890004,40.54944,-122.37917,"Shasta County Juvenile Services, Cerro Lane, Redding, Shasta County, California, 96002, United States",0.98440678,151
60890007,40.45306,-122.29778,"Bank of America, North Street, Anderson, Shasta County, California, 96007, United States",0.991864407,133
60990005,37.64194,-120.99416,"First Church of Christ Scientist, 14th Street, Modesto, Stanislaus County, California, 95354, United States",0.956610169,31
61010003,39.13861,-121.61861,"First Church of Christ Scientist, Church Street, Yuba City, Sutter County, California, 905, United States",0.930169492,18
61072002,36.3325,-119.29083,"Tulare County Jail, East Oak Avenue, Visalia, Tulare County, California, 93279, United States",0.990508475,108
61110007,34.21,-118.86916,"Thousand Oaks High School, 2323, North Moorpark Road, Thousand Oaks, Ventura County, California, 91360, United States",1,245
61111004,34.44806,-119.23028,"161, Fairway Lane, Ojai, Ventura County, California, 93023, United States",0.958644068,238
61130004,38.53444,-121.77333,"Windy Lane, Yolo County, California, 95616-5270, United States",0.954576271,19
80050002,39.56889,-104.95695,"2640, East Otero Place, Otero Ridge, Centennial, Arapahoe County, Colorado, 80122, United States",0.983728814,1745
80130014,40.07,-105.22,"Boulder Reservoir Dam (South), Boulder, Boulder County, Colorado, 80301, United States",0.952542373,1589
80310002,39.75083,-104.98695,"801, 21st Street, Five Points, Denver, Denver County, Colorado, 80205, United States",0.985084746,1597
80410013,38.95806,-104.81667,"South Gate Boulevard, El Paso County, Colorado, 80920, United States",0.97559322,1969
80450012,39.54167,-107.78389,"1301, Howard Avenue, Rifle, Garfield County, Colorado, 81650, United States",0.978983051,1649
80590006,39.91278,-105.18806,"3.0, State Highway 128, Jefferson County, Colorado, United States",0.951864407,1784
80590011,39.74167,-105.17834,"Solar Radiation Research Laboratory, Colorado State Patrol Track, Jefferson County, Colorado, 80401-4015, United States",0.972881356,1833
80677001,37.13667,-107.62861,"575, CR 517, La Plata County, Colorado, 81137, United States",0.97220339,1989
80677003,37.1025,-107.87,"Saunders Lane, La Plata County, Colorado, United States",0.98440678,1953
80690007,40.27778,-105.54528,"Goblins Castle Road, Larimer County, Colorado, United States",0.967457627,2745
80690011,40.5925,-105.14083,"Christman Field, Laporte Avenue, Fort Collins, Larimer County, Colorado, 80521, United States",0.976949153,1569
80830006,37.34972,-108.58722,"110, West North Street, Cortez, Montezuma County, Colorado, 81321-3299, United States",0.992542373,1893
90031003,41.78444,-72.62945,"Anna E. Norris School, 20, Remington Road, East Hartford, Hartford County, Connecticut, 06108, United States",0.94779661,15
110010041,38.89556,-76.95805,"420, 34th Street Northeast, River Terrace, Washington, District of Columbia, 20019, United States",0.976949153,9
120050006,30.12889,-85.73805,"3476, State Park Circle, Upper Grand Lagoon, Bay County, Florida, 32408, United States",0.844745763,6
120210004,26.29917,-81.72,"Columbia Court, Collier County, Florida, United States",0.856271186,17
120230002,30.17806,-82.61916,"751, Southeast Sycamore Terrace, Lake City, Columbia County, Florida, 32025, United States",0.869152542,39
120330004,30.525,-87.20417,"3000, Environmental Place, Ellyson Industrial Park, Ferry Pass, Pensacola, Escambia County, Florida, 32514, United States",0.850847458,37
120330018,30.36806,-87.27055,"A A Cunningham Street, Escambia County, Florida, 32559, United States",0.858305085,4
120571035,27.92806,-82.45444,"East Davis Boulevard, Davis Islands, Tampa, Hillsborough County, Florida, 33606, United States",0.987118644,5
120573002,27.96583,-82.23055,"Cross County Greenway, Durant, Hillsborough County, Florida, 33530, United States",0.964067797,32
120590004,30.8475,-85.60416,"Tri-County Airport, Tri County Airport Road, Holmes County, Florida, United States",0.859661017,29
120712002,26.5475,-81.97945,"Liam J. Perk Playground, El Dorado Parkway West, Cape Coral, Lee County, Florida, 33994, United States",0.837966102,3
120713002,26.44889,-81.93916,"Fort Myers Beach Elementary School, 2751, Oak Street, Fort Myers Beach, Lee County, Florida, 33931, United States",0.834576271,4
120730012,30.43944,-84.34805,"Blountstown Highway, Tallahassee, Leon County, Florida, 32310, United States",0.857627119,32
120814012,27.48056,-82.61833,"5741, 21st Avenue West, Bradenton, Manatee County, Florida, 34209, United States",0.910508475,8
120814013,27.44917,-82.52167,"5199, 33rd Street East, Manatee County, Florida, 34203, United States",0.906440678,12
120830003,29.17056,-82.10056,"2659, Southeast Maricamp Road, Ocala, Marion County, Florida, 34471, United States",0.871186441,42
120910002,30.42417,-86.66666,"New Heights School, Lovejoy Road Northwest, Fort Walton Beach, Okaloosa County, Florida, 32548, United States",0.869830508,12
120972002,28.34778,-81.63667,"US 192, Orange County, Florida, 34714-8908, United States",0.781016949,36
121010005,28.33194,-82.30556,"30970, Warder Street, Pasco County, Florida, 33576, United States",0.850847458,30
121030004,27.97083,-82.73583,"Joe DiMaggio Sports Complex, 2450, Drew Street, Clearwater, Pinellas County, Florida, 33765, United States",0.924745763,12
121030018,27.78556,-82.74,"1399, 74th Street North, Saint Petersburg, Pinellas County, Florida, 33710, United States",0.915254237,12
121056005,27.94,-82.00027,"James W Sikes Elementary School, 2727, Shepherd Road, Lakeland, Polk County, Florida, 33811, United States",0.852881356,42
121130015,30.39417,-87.00806,"Woodlawn Beach Middle School, 1500, Woodlawn Way, Gulf Breeze, Santa Rosa County, Florida, 32563, United States",0.86779661,15
121151005,27.30694,-82.57027,"The Ritz-Carlton Beach Club, Ben Franklin Drive, Sarasota, Sarasota County, Florida, 34236, United States",0.899661017,8
121151006,27.35028,-82.47945,"17th Street, Sarasota County, Florida, 34235, United States",0.845423729,10
121152002,27.08917,-82.3625,"Jackson Road, Venetian Falls, Sarasota County, Florida, 34292, United States",0.831864407,5
121171002,28.74556,-81.31,"314, Broadmoor Road, Sanford, Seminole County, Florida, 32746, United States",0.860338983,24
121290001,30.08417,-84.16167,"Mound Lookout Tower, Tower Pond Trail, Wakulla County, Florida, United States",0.851525424,2
130890002,33.69056,-84.27306,"Georgia State University Decatur, 3251, Panthersville Road, Rovena Acres, Decatur, DeKalb County, Georgia, 30034, United States",0.988474576,243
160010010,43.60056,-116.34778,"East Promenade Street, Meridian, Ada County, Idaho, 83642, United States",0.978983051,810
191530030,41.60306,-93.64306,"Polk County Health Department, 1907, Carpenter Avenue, Carpenter, Des Moines, Polk County, Iowa, 50314, United States",0.953898305,280
191531579,41.84917,-93.6975,"15779, Northwest 58th Street, Polk County, Iowa, 50226, United States",0.953898305,307
200910010,38.83833,-94.74639,"Heritage Trail, Olathe, Johnson County, Kansas, 66221, United States",0.991864407,317
201030003,39.3275,-94.95111,"2010, Metropolitan Avenue, Leavenworth, Leavenworth County, Kansas, 66048, United States",0.98779661,269
201330003,37.67694,-95.47583,"Henshall Drive, Chanute, Neosho County, Kansas, 66720, United States",0.990508475,309
201730010,37.70083,-97.31389,"1999, East 9th Street North, Wichita, Sedgwick County, Kansas, 67214, United States",0.98779661,403
201950001,38.77028,-99.76334,"Trego County, Kansas, United States",0.989830508,677
210610501,37.13139,-86.14806,"Alfred Cook Road, Cedar Spring, Edmonson County, Kentucky, United States",0.955932203,231
250010002,41.97556,-70.02389,"Collins Road, Truro, Barnstable County, Massachusetts, 02667, United States",0.968813559,40
250051004,41.68306,-71.16944,"1012;1014, Dwelly Street, Fall River, Bristol County, Massachusetts, 02724-0300, United States",0.968813559,33
250051006,41.64528,-70.89778,"Elizabeth Hastings Middle School, Elm Avenue, Fairhaven, Bristol County, Massachusetts, 02719, United States",0.96,6
250070001,41.33056,-70.78584,"Herring Creek Road, Aquinnah, Dukes County, Massachusetts, 02535, United States",0.964745763,1
250092006,42.47444,-70.97166,"34, Sunnyside Road, Lynn, Essex County, Massachusetts, 01905, United States",0.950508475,64
250095005,42.77056,-71.10278,"Dr. Albert B. Consentino Middle School, Washington Street, Haverhill, Essex County, Massachusetts, 01832, United States",0.970169492,59
250130008,42.19417,-72.55556,"Radar Hill Road, Chicopee, Hampden County, Massachusetts, 01022, United States",0.971525424,80
250154002,42.29806,-72.33417,"Quabbin Tower, Observation Tower Trail, Ware, Hampshire County, Massachusetts, United States",0.96,308
250170009,42.62667,-71.36195,"11, Technology Drive, Chelmsford, Middlesex County, Massachusetts, 01863, United States",0.970847458,50
250213003,42.21167,-71.11417,"WGBH-FM (Boston), Summit Road, Milton, Norfolk County, Massachusetts, 02187, United States",0.968135593,183
250230005,42.065,-71.0125,"Gilmore School, Clinton Street, Brockton, Plymouth County, Massachusetts, 02303, United States",0.966101695,28
250250042,42.32917,-71.08222,"13, Zeigler Street, Nubian Square, Roxbury, Boston, Suffolk County, Massachusetts, 02119, United States",0.970169492,10
250270024,42.09944,-71.62,"347, Hartford Avenue East, Uxbridge, Worcester County, Massachusetts, 01525, United States",0.962033898,81
270031002,45.1425,-93.21389,"Anoka County-Blaine Airport, Radisson Road Northeast, Blaine, Anoka County, Minnesota, 55449, United States",0.991864407,271
271390505,44.78917,-93.51222,"Pearson Early Learning Center, 917, Dakota Street South, Shakopee, Scott County, Minnesota, 55379, United States",0.990508475,245
291370001,39.475,-91.78889,"19136, MO 107, Buzzards Roost, Monroe County, Missouri, 63462, United States",0.955254237,209
295100085,38.65639,-90.19833,"1509, Branch Street, Hyde Park, City of Saint Louis, Missouri, 63107, United States",0.976271186,139
300298001,48.51028,-113.99555,"1301, Barn Road, West Glacier, Flathead County, Montana, 59936, United States",0.989830508,971
300630024,46.84222,-114.02028,"Washburn Street, Southgate Triangle, Missoula, Missoula County, Montana, 59801, United States",0.995254237,969
300870001,45.36611,-106.48972,"Tongue River Road, Birney, Rosebud County, Montana, 59012, United States",0.980338983,950
310550019,41.24722,-95.97305,"Douglas County Warehouse, South 40th Street, Omaha, Douglas County, Nebraska, 68105, United States",0.985762712,373
320310016,39.525,-119.8075,"321, State Street, Midtown, Reno, Washoe County, Nevada, 89501, United States",0.971525424,1368
320310020,39.46917,-119.77528,"5336, Delucchi Lane, Reno, Washoe County, Nevada, 89502, United States",0.985762712,1357
320310025,39.39972,-119.73944,"689, Geiger Grade, Washoe County, Nevada, 89521, United States",0.986440678,1396
320311005,39.54083,-119.74667,"USPS, Prater Way, Sparks, Washoe County, Nevada, 89431-5025, United States",0.985084746,1347
320311007,39.62139,-119.71861,"Aquene Court, Sparks, Washoe County, Nevada, 89441, United States",0.974237288,1368
320312002,39.25028,-119.95667,"Incline Village Library, Tahoe Boulevard, Incline Village, Washoe County, Nevada, 89451, United States",0.985762712,1978
320330101,39.00528,-114.21555,"White Pine County, Nevada, United States",0.981016949,2061
325100020,39.14472,-119.76639,"2472, Lewis Drive, Carson City, Nevada, 89701, United States",0.952542373,1429
330050007,42.93028,-72.27222,"Tom's, Water Street, Keene, Cheshire County, New Hampshire, 03431, United States",0.983050847,146
330090010,43.62944,-72.30945,"North Ramp General Aviation Apron, Airport Road, Lebanon, Grafton County, New Hampshire, 03784, United States",0.958644068,156
330115001,42.86167,-71.87861,"Miller State Park, Miller Park Road, Peterborough, Hillsborough County, New Hampshire, 03084, United States",0.978983051,682
330150014,43.07528,-70.74778,"Fishermen's Memorial, Peirce Island Road, Portsmouth, Rockingham County, New Hampshire, 03802, United States",0.98440678,1
340070002,39.93444,-75.12527,"Macedonia AME Church, Spruce Street, Central Waterfront, Whitman Park, Camden, Camden County, New Jersey, 08103, United States",0.918644068,6
340170006,40.67,-74.12583,"Park Road, Bayonne, Hudson County, New Jersey, 07002, United States",0.900338983,3
340190001,40.515,-74.80666,"Old York Road, Voorhees Corner, Raritan Township, Hunterdon County, New Jersey, 08887, United States",0.943728814,43
340210005,40.28306,-74.7425,"Rider University, Kaplan Plaza, Lawrence Township, Mercer County, New Jersey, 08648, United States",0.913220339,35
340273001,40.7875,-74.67611,"Seward Hill Preserve, North Road, Chester, Morris County, New Jersey, 07930, United States",0.94440678,279
350130022,31.78778,-106.68278,"Peter V. Domenici International Highway, Doña Ana County, New Mexico, 88008, United States",0.991186441,1245
350130023,32.31667,-106.76667,"Las Cruces Regional Aquatic Center, 1401, East Hadley Avenue, Las Cruces, Doña Ana County, New Mexico, 88004, United States",0.986440678,1209
350250008,32.72667,-103.12305,"2374, North Jefferson Street, Hobbs, Lea County, New Mexico, 88240, United States",0.990508475,1106
350431001,35.29917,-106.54806,"240, East Avenida Bernalillo, Bernalillo, Sandoval County, New Mexico, 87004, United States",0.990508475,1538
350450009,36.74194,-107.97667,"North 1st Street, Bloomfield, San Juan County, New Mexico, 87413-6133, United States",0.994576271,1717
350490021,35.61972,-106.07944,"166, Aviation Drive, Santa Fe, Santa Fe County, New Mexico, 87507, United States",0.995932203,1929
350610008,34.81444,-106.73944,"Katherine Gallegos Elementary School, Don Pasqual Road, Los Lunas, Valencia County, New Mexico, 87130, United States",0.992542373,1483
360010012,42.67667,-73.75555,"143, Albany Shaker Road, Albany, Albany County, New York, 12211, United States",0.976949153,96
360050110,40.81583,-73.90195,"Junior High School 52, 681, Kelly Street, The Bronx, Bronx County, New York, 10455, United States",0.980338983,19
360270007,41.78556,-73.69444,"3269, Franklin Avenue, Millbrook, Town of Washington, Dutchess County, New York, 12545, United States",0.970847458,173
360290002,42.9925,-78.77639,"Maple Road, Flint Village, Amherst, Erie County, New York, 14221, United States",0.958644068,180
360310003,44.36444,-73.90166,"Ski Trails - Whiteface Landing, Whiteface Landing Trail, Essex County, New York, United States",0.985084746,1362
360450002,44.08778,-75.97417,"28863, Vaadi Road, Jefferson County, New York, 13601, United States",0.945762712,104
360610135,40.81944,-73.94806,"Marshak Hall, Saint Nicholas Terrace, Manhattanville, Manhattan Community Board 9, Manhattan, New York County, New York, 10027, United States",0.985762712,46
360671015,43.05278,-76.05945,"5824, Widewaters Parkway, Widewaters Park, Town of DeWitt, Onondaga County, New York, 13214, United States",0.977627119,125
360715001,41.52306,-74.215,"McGowan Drive, Town of Montgomery, Orange County, New York, 12549, United States",0.98440678,123
360790005,41.45583,-73.71028,"Gipsy Trail Road, Carmel, Town of Kent, Putnam County, New York, 10512, United States",0.98440678,203
360810124,40.7375,-73.82417,"Queens College, City University of New York, 65 30, Kissena Boulevard, Queens, Queens County, New York, 11367, United States",0.98779661,19
361030009,40.82778,-73.0575,"Chippewa Elementary School & Sagamore Middle School, Astro Court, Suffolk County, New York, 11742, United States",0.973559322,45
361173001,43.23028,-77.17278,"4388, Ridge Road, Williamson, Wayne County, New York, 14589, United States",0.951186441,138
361192004,41.05194,-73.76417,"32, Cummings Avenue, North White Plains, White Plains, Westchester County, New York, 10604, United States",0.987118644,65
